country1,country2,dtw_distance,overlap_years,country2_name
ARG,BGD,3.4419144030250477,33,Bangladesh
ARG,ETH,3.286303760296011,33,Ethiopia
ARG,ZWE,3.2004714186293217,33,Zimbabwe
ARG,KEN,3.151299989907905,33,Kenya
ARG,CHN,3.0441718366483106,33,China
ARG,NPL,3.042115338666039,33,Nepal
ARG,CIV,3.0235324179463734,33,Cote d'Ivoire
ARG,VNM,3.0096407775351586,33,Viet Nam
ARG,GIN,2.9972249657640724,33,Guinea
ARG,SDN,2.9644101178240887,33,Sudan
