country1,country2,dtw_distance,overlap_years,country2_name
ARG,URY,1.3755603336693991,33,Uruguay
ARG,FJI,1.4610338965561995,33,Fiji
ARG,BRA,1.5016978952938849,33,Brazil
ARG,CYP,1.664162490586295,33,Cyprus
ARG,COL,1.6642435036311731,33,Colombia
ARG,TUR,1.697639555524579,33,Turkiye
ARG,ITA,1.708643274407067,33,Italy
ARG,PRT,1.7429483555424417,33,Portugal
ARG,TUN,1.7599207278273128,33,Tunisia
ARG,KNA,1.7958739290620531,33,St. Kitts and Nevis
